serial,numero,coment√°rio
aq29-4554-52qn,0,"Aut alias nemo numquam nihil. Veritatis doloribus unde libero earum. Ab ut quam autem fugit perspiciatis veniam.
Iure deserunt a voluptas. Quis suscipit perspiciatis magni sed ipsa."
HD81-2506-15Cc,1,"Dolorem suscipit modi. Ex quod voluptas nobis quidem id reiciendis.
Quia veritatis pariatur quidem voluptates. Alias iusto odio porro ipsa. Corrupti exercitationem odio iste ullam."
GJ18-7906-14dF,2,"Odio nobis dolores suscipit doloribus. Vel facere ipsum veritatis.
Alias excepturi eum ab in ea ut tempora. Distinctio ipsum dolor soluta exercitationem incidunt velit."
Ay17-9091-07qs,1,Nihil blanditiis consectetur. Adipisci nemo magnam consequatur beatae nobis. Labore aut tenetur ab dolorum.
hU15-9319-85WX,1,Aliquid enim officiis excepturi. Ipsum eius vitae itaque tempore sed consequuntur porro. Amet accusamus rem quam maxime praesentium.
NL58-5504-51nD,1,"Cumque hic hic quod. Nesciunt repellat placeat odit fugit.
Rerum vitae aliquam exercitationem perferendis voluptates. Nulla iste excepturi ipsam debitis ad aperiam."
Yv06-7062-84xB,1,"Iusto et suscipit labore deserunt optio. Ullam dicta explicabo aut quae possimus.
Blanditiis eius cupiditate quo eum maiores. Blanditiis voluptatum dolor tempora."
TM81-9276-73tu,2,Voluptatibus qui nam vel. Aut itaque expedita similique quibusdam recusandae nostrum. Repudiandae vitae dignissimos.
hK03-0803-75qY,1,"Omnis repellat doloremque. Aliquam eaque delectus quisquam.
Nisi illo totam iste nulla. Quam repellat minima totam perferendis.
Necessitatibus repellat nemo quis. Unde ut sunt tenetur maxime quos."
hg86-0325-53fy,0,"Quibusdam qui ipsam nihil. Voluptatem ducimus est harum error. Nostrum at doloremque quibusdam rem.
Adipisci totam porro est quia esse. Ab odio vitae cumque accusamus ad."
Zl35-6377-13kk,0,Ut cumque necessitatibus quod repellendus aperiam. Odio deleniti cum harum quisquam quis. Quam maiores placeat.
AP02-3472-61ZW,0,"Labore doloribus vitae maiores odio. Fuga itaque atque explicabo delectus. Nulla repudiandae magni enim in.
In iure repudiandae aut voluptatibus tempora."
FB25-7404-01KR,0,"Excepturi vel non magnam magnam asperiores veniam perferendis. Fugiat non a delectus. Aliquid vel earum enim.
Amet quae earum numquam quos in repellendus. Qui possimus laborum libero doloribus."
XH42-7346-59vx,2,"Tempore laboriosam eum. Porro veniam odio temporibus assumenda blanditiis explicabo sapiente.
Asperiores ratione blanditiis magni. Molestiae eligendi praesentium quia sed."
yC50-9631-72WR,2,Rem libero minus ex laborum harum. Voluptatum porro nihil debitis culpa.
oi65-3976-46Yd,2,Officiis quia illo corrupti. Accusamus modi deserunt eaque dolorum.
vp04-9511-93hr,2,At dignissimos deleniti laboriosam delectus. Ab modi dolorem soluta officia modi. Dicta est modi adipisci recusandae dolores.
Tx39-5866-94hR,1,"Cupiditate tempora minima voluptatum illum.
Reiciendis reprehenderit quae saepe numquam id maiores placeat. Debitis vero perferendis quidem.
Voluptate corrupti ex quisquam officiis."
Xx56-3558-58MP,0,"Eos quam animi reiciendis quos occaecati vel. Eligendi provident sint sequi perspiciatis.
Repellendus eveniet quos pariatur at minima. Praesentium animi natus perferendis placeat similique."
mE18-5530-25Tr,2,Ipsam odio impedit et perspiciatis amet veritatis. Placeat sapiente voluptatibus optio ad ex. Animi corporis nesciunt dicta vel at optio.
vh23-3395-21jH,1,"Earum pariatur adipisci voluptates. Tempore molestias non rerum officiis quam repellat asperiores.
Atque dignissimos totam pariatur. Repellendus odit eum aspernatur dolorum ipsum ut."
tG76-3090-46pn,0,"Itaque exercitationem veniam vitae commodi error aliquam dolorum. Neque cum dolores quasi commodi deleniti ducimus.
Unde saepe odit voluptates reiciendis enim. Temporibus iure qui cumque quia iste."
DY86-1055-24RL,1,Iste tempora magnam quod nesciunt. Ad cum aut quo et quae reiciendis. Dolore maiores similique ducimus doloribus.
bs40-1774-58FU,0,Non numquam odio impedit dicta. Magnam molestias maxime qui dolore modi porro alias. Ex eveniet pariatur. Repellat adipisci accusamus corporis ex porro provident.
TJ95-2475-63rG,2,Eius asperiores consectetur commodi autem magnam nulla. Sunt magnam nostrum voluptatibus esse dolorem. Libero quaerat aut voluptatum fuga dignissimos dolorum. Eos error fugit nam porro sed.
iI46-2651-59cN,0,Quod occaecati eaque quidem voluptatem incidunt a. Recusandae minus quod dolorem adipisci atque. Deleniti impedit iste atque. Doloribus officiis saepe laborum et velit nemo veniam.
yI68-0369-63Ij,0,Et voluptatem non quis voluptatum fugiat itaque. Minima fuga laboriosam occaecati. Fugiat cum deleniti aperiam.
bU35-1266-85mr,2,Occaecati officia odio quam veritatis quisquam impedit. Mollitia facilis voluptas iusto. In nesciunt nisi sequi at.
oV88-1423-72oM,0,Quisquam explicabo unde sunt optio sint. At molestias voluptatum iste. Hic in voluptatum quos beatae porro laborum.
Iw98-9012-67uf,0,Vitae esse suscipit adipisci ut.
zg50-6420-00ZC,1,Mollitia aut beatae vero. Blanditiis amet vel quae praesentium vitae. Blanditiis neque est dolorum quos soluta quisquam.
UW84-6938-67KJ,2,"Odit voluptate sequi deleniti ipsa eum molestias. Sed esse ullam. Qui minus error dicta.
Eligendi dolore cumque voluptas quod quam. Ipsam blanditiis ut."
Xq06-8706-74xI,2,Corrupti repellat pariatur recusandae. Necessitatibus minus ipsa sunt deleniti harum numquam. Quasi nihil consequatur fugit.
SU87-4757-10ni,0,Dolores eos earum incidunt et esse. Nulla commodi nobis dicta non. Nobis nam impedit hic ullam modi.
jB92-3786-63uf,0,Quis ullam officia iste voluptates libero recusandae aliquam. Nobis totam quasi aliquid quidem. Dolorum numquam minus libero. Harum maxime fuga.
lw79-7636-70aq,1,Blanditiis cum distinctio. Fugiat exercitationem saepe maiores quo temporibus. Dolorem fugit iusto amet illo.
IT43-9414-87RT,1,"Labore odio assumenda. Labore laudantium vitae. Similique nisi beatae in nihil in occaecati rem.
Doloribus mollitia dicta quas voluptate illo. Quis nihil laboriosam itaque. Dolorum provident quas."
bU60-1608-83Lh,1,Laboriosam earum placeat suscipit accusamus praesentium voluptatem. Fugit reprehenderit voluptatibus minima minima ipsa repellendus at.
LZ31-5062-32ZI,1,Laboriosam porro dolore nihil laborum a corrupti nam. Assumenda possimus placeat repellendus mollitia architecto facilis aperiam.
ie74-4005-02RZ,2,Soluta at cumque enim necessitatibus error iure facere. Dicta minima dolores laborum praesentium laboriosam. Placeat minima at sequi pariatur magni.
GK19-4900-81rw,1,Sapiente laborum est esse. Velit ex nulla aspernatur harum consectetur.
KK99-1026-86kW,0,"Atque nihil laboriosam numquam reiciendis quia odit. Quis fuga dolorum quod voluptatem esse.
A animi accusantium adipisci eum rerum ad. Eveniet excepturi sit ipsum."
vz11-6910-93Pj,0,"Saepe dolores perferendis eum magni consequatur suscipit dolore. Dolore ad maiores quos magnam enim. Dolores culpa culpa nulla quasi temporibus dicta.
Facilis ratione odio enim."
VP33-0179-62pj,2,"Atque id in tempora libero iusto accusantium.
Quos minima amet doloribus. Harum mollitia esse ab excepturi illum.
Ipsam quibusdam dicta aliquid alias. At nihil at quae minima."
hN20-8825-86Lx,1,Porro corporis tenetur cupiditate similique ipsa. Ab harum quis nemo soluta est sed. Provident dolorum distinctio fugiat optio quidem.
nh23-3011-83mQ,0,Rem laudantium sit perspiciatis ex exercitationem maiores id. Distinctio delectus eveniet consequatur molestias. Eveniet magni molestiae distinctio nihil blanditiis non rerum.
aS17-2824-46bJ,1,"Sit voluptatum officia quis necessitatibus cumque. Hic aliquid quam magni.
Dicta sit debitis assumenda nobis. Autem excepturi excepturi magni dolore."
Xj35-9371-82BM,1,Dignissimos accusantium qui tenetur dicta consequuntur ut. Fugiat praesentium nostrum cupiditate minus. Modi nam beatae illum sequi voluptatum quibusdam.
Uf72-6571-04yt,0,"Ullam voluptatibus autem minima repellat. Adipisci inventore veritatis quos. Esse autem alias rerum corrupti aperiam.
Veritatis beatae error provident voluptates a."
iF40-3990-04Rx,2,Ea eos sed aperiam at aut dolorem. Laudantium earum quia laboriosam vero recusandae doloribus.
Ri69-4429-09lB,2,"Distinctio perspiciatis ipsam aut. Explicabo reiciendis quia amet quasi mollitia qui.
Tempore soluta amet vitae corporis quia. Nisi non ipsa mollitia consequuntur fugit a."
pm29-2127-13du,2,"Incidunt suscipit ea placeat corporis nostrum quasi. Minus doloribus tenetur quae odio qui. Minima vitae sapiente.
Quas ratione nisi necessitatibus quisquam animi. Ex voluptas debitis tempora."
ud82-8357-80xe,2,Perspiciatis harum corrupti necessitatibus totam. Vero in nemo sint. Nemo soluta dignissimos quibusdam. Amet officiis quasi laudantium deleniti facere amet.
Zf31-4655-29PQ,1,"Ullam nulla non soluta quia. Quibusdam maxime optio eligendi.
Consequatur quos nam ipsam. Sed dolores iure occaecati alias placeat."
hl91-1839-90Nb,1,Est facere placeat voluptatibus praesentium in vero quis. Sed eveniet eum sed enim eius. Perferendis cum libero totam.
cW74-7301-24UX,2,Similique eveniet et laborum quibusdam sapiente. Illum ullam reiciendis. Autem sint ab vero. Ducimus quae et laudantium nobis odit ullam.
px74-8327-43iC,2,"Amet voluptates consequatur in. Harum beatae amet dolores.
Quia sit harum.
Ab est perferendis nesciunt iste. Voluptates nihil dignissimos laudantium fugiat natus. Voluptas iste magni."
Nv61-1574-60fJ,1,Totam consequuntur sint sequi. Praesentium tempora ad aperiam repellat.
tO56-6081-26cT,0,Quasi recusandae unde repudiandae sed possimus. Error labore vitae et numquam autem non et. Enim tenetur fugit illum quos pariatur. Reiciendis omnis doloremque fugiat dignissimos.
YU06-8158-95Sp,2,"Placeat eaque similique ab. Ullam aspernatur porro deserunt quasi cum libero.
Distinctio provident repellat mollitia. In nam reiciendis blanditiis fuga consectetur voluptates."
UR32-1335-81Rh,0,Modi ut aliquam iste minus est. Voluptate debitis iste quidem neque facere reprehenderit modi. Esse quia eum aliquam nobis.
eq97-9991-29yi,2,"Officia quas sit saepe quasi nobis.
Recusandae eaque illo fugit ducimus qui."
Wi21-5010-54Vd,2,Tempore eius voluptates accusantium optio explicabo numquam quaerat. Accusamus at eius. Perspiciatis ut ex cumque quisquam facere rerum nostrum.
xs07-4924-27Vi,1,"Fugit non inventore eum laboriosam sed. Iste omnis nulla iure inventore. Amet quae iusto non at.
Veniam iure repellendus incidunt animi dolorem. Laborum ut fugiat. Cumque tenetur dolorem quia."
uY33-4414-39De,2,Natus iste voluptatibus alias repellat voluptatem nemo. At sed doloremque impedit asperiores. Numquam occaecati unde.
ky15-6222-94DZ,2,Error modi aliquam. Consectetur fugiat odit nemo animi dolorem fugiat. Error quae tenetur tenetur explicabo tempore.
Ua86-3572-04Ji,2,Amet magni fugiat nam dolore autem. Explicabo totam possimus delectus. Aliquid facilis optio odit distinctio dolorem iure neque.
bi90-2931-90qj,2,"Laudantium totam facere distinctio repellat fugit. Illo quia labore autem odio.
Reprehenderit eum blanditiis architecto omnis ullam quas. Quia itaque quasi. Doloremque ducimus labore."
fk66-5088-39Hz,0,Minima blanditiis consequatur eligendi. Dolorem ipsum veniam rem sequi rem voluptates quam. Ratione beatae quibusdam iure.
fI35-4229-04LG,2,Incidunt eos eos aliquam accusamus voluptate. Consequuntur ipsum accusamus quo iure aperiam magni. Ducimus enim vitae necessitatibus porro magni.
MF12-5826-09oG,2,Ea officiis unde. Maxime asperiores id rerum corporis rem magni. Quia laborum dolore.
nj69-4062-35Yd,1,Magni aspernatur excepturi nobis quod facere. Molestias velit ea. Aliquid provident magnam quo.
Xv72-1550-63WJ,2,Natus libero deserunt reiciendis provident necessitatibus accusamus consequuntur. Natus quod quod et officia. Culpa molestias vel natus quod labore.
Ni25-4491-23BO,2,"Repudiandae saepe maxime saepe eveniet vitae laborum illum. Quod aut nostrum explicabo.
Illo explicabo magnam laudantium. Consequuntur provident provident ab sit hic dicta."
Be37-3205-43Ri,2,Quam animi molestias ab quo rerum fugiat. Quos minima fuga architecto iste adipisci. Corrupti cupiditate quis optio possimus adipisci nam.
dK18-6503-64Do,0,Dolore voluptatibus nostrum excepturi maiores sunt. Magni a laboriosam nisi reprehenderit enim consequatur repudiandae. Assumenda nam tempora vero.
KT79-9879-59La,0,"Voluptatum quidem occaecati velit qui assumenda. Tempore ut doloremque. Dolores eaque dolorem.
Libero animi officiis repellat ad. Vero inventore animi repudiandae ratione."
lq62-6373-89ZN,0,Voluptatum ea delectus inventore numquam nulla. Aspernatur aperiam nemo illo earum. Nulla veritatis repellendus temporibus a aliquid labore.
rB41-0170-90KZ,0,Ipsa officiis hic. Possimus consequatur omnis neque adipisci delectus amet. Voluptatum esse ipsa distinctio corrupti provident.
Vy15-3313-08mn,1,Facilis doloribus sint sint. Sint atque dolorum magnam ab alias commodi.
ii73-2725-04Cx,0,Voluptatem natus nobis repudiandae. Repellat sunt voluptatem assumenda provident magnam. Ducimus eaque rerum nostrum molestiae velit.
qC35-6324-36sl,0,"Inventore neque libero pariatur incidunt quaerat. Ipsa hic at suscipit officiis amet.
Incidunt laudantium vero libero. Mollitia magni mollitia quos ducimus saepe."
Ux20-4762-02Oo,1,Dolore perspiciatis voluptate vitae illum dolorem perspiciatis qui. Quibusdam voluptate nobis dolores aliquid tenetur.
EJ10-5253-04ah,0,Reiciendis quis recusandae sunt. Molestias maxime omnis sunt at unde.
qe22-9247-04sf,2,In magnam id labore animi. Doloremque quisquam quod dignissimos veritatis aperiam quis maiores. Porro dolores iste commodi nesciunt.
pA08-9128-07mB,2,Perspiciatis dolorum cumque modi ipsum explicabo odio. Praesentium nulla nostrum explicabo. Doloribus vero nisi unde.
Pa88-9226-45Gw,2,"Officiis fuga sequi illum reprehenderit nulla et. Ad temporibus accusamus iure animi sint similique.
Culpa nulla quod minus nam dignissimos. Libero accusamus iste quam quo. Esse perferendis fuga id."
LG49-7392-48YK,0,Fugiat aperiam aliquid eos sed nihil. Explicabo quidem sit nisi voluptates aut voluptatem commodi. Eligendi numquam praesentium fugiat alias.
Xb05-4817-46rH,0,"Mollitia minus qui nemo dolor eius. Culpa expedita quis dolores tempore.
Esse inventore dolorum facilis excepturi nobis mollitia odio. Neque nulla suscipit nostrum."
Dy71-6560-16ZH,0,Voluptatem quod accusamus voluptate nam voluptatem assumenda nostrum. Quod deserunt nulla aliquam id possimus. Deserunt doloribus quae repudiandae.
Xn33-5050-16JW,1,"Odit ipsa saepe dolor. Nostrum placeat neque magni culpa.
Occaecati vitae dolor magni iste ad laudantium. Quae eius debitis et veritatis sapiente facilis modi."
YH67-0099-79lO,2,Error optio dolores rem officia blanditiis reiciendis. Inventore officiis hic expedita laboriosam.
si30-3605-22NH,1,Odio assumenda dignissimos laborum vel cum atque. Repudiandae officia nulla dolor impedit.
wu24-8060-34SR,0,"Ipsum explicabo ex perspiciatis ut molestiae nesciunt distinctio. Nostrum laudantium vel nesciunt earum at at. Ad ab occaecati.
Doloribus porro natus cupiditate nesciunt a."
ej03-1134-58fh,2,"Illo corporis fuga. Enim sed totam. Eaque blanditiis ipsam cum sunt.
Illum nostrum quasi. Quibusdam corporis necessitatibus dolore dolorem animi. Non in vero."
XR05-7460-18iR,2,Laborum reprehenderit voluptatem corporis voluptate facilis eveniet. Fuga aliquam ipsa blanditiis quo.
gx24-9621-97TB,2,Culpa tempora eveniet nam voluptatibus. Natus commodi in. Sequi neque minus perspiciatis nisi alias vel eum.
GI20-4459-21Cb,1,Aliquid placeat molestiae dolor. Vel quo deleniti hic voluptatibus omnis. Ut nostrum consequatur recusandae possimus cum culpa.
IL45-6340-31iN,1,"Voluptatum deserunt quaerat distinctio nam ipsa. Accusamus sed ipsum porro in explicabo aut.
Pariatur a dicta quasi. Harum aliquam aperiam temporibus eius fuga nihil velit."
WN30-3226-95Dq,0,Eius amet rerum eveniet dolore deserunt. In ad odio doloribus accusantium provident eum.
VJ46-3539-64uu,2,Nesciunt quasi quidem. Iure fugit doloremque maiores. Voluptate est rem doloremque temporibus repellat nulla.
hI77-7965-88fe,1,Ratione consequuntur praesentium ratione possimus. Nam doloremque ipsum facere nam sint quidem. Deleniti maiores magnam rem.
ZH64-0353-95OC,2,Eius iusto labore expedita consequuntur. Voluptas eius laborum. Nihil doloribus similique.
np53-9044-90XO,2,"Maxime id qui neque cum. Fugit dolores ullam labore totam perspiciatis accusamus.
Dolorum ipsa corrupti. Impedit odit deleniti ex cupiditate. Vero esse nihil. Quos explicabo est."
Ut05-4978-55ZV,2,Maxime quisquam aperiam magnam ipsa alias. Suscipit rerum modi aliquid ullam. Possimus esse eos quidem exercitationem velit autem. Eligendi sit a fugiat sit omnis dicta.
ki95-1558-57XD,1,Ea assumenda velit accusantium saepe amet. Est nisi quod culpa vero maiores. Doloribus non architecto sapiente.
hx72-1354-34aQ,1,Iusto eligendi magnam fugiat. Enim totam impedit modi cum. Architecto beatae et distinctio debitis similique doloremque ipsam.
mv08-9237-29Ly,2,"Asperiores perferendis enim odio cupiditate consequuntur. Distinctio optio neque libero.
Voluptatum a omnis animi nam neque nesciunt. Saepe vel delectus at porro ab. Magnam alias dolor."
hW46-9627-57yB,1,"Beatae consequuntur ipsam deserunt iste. Dolor eum officiis provident dolor.
Autem ex voluptas quisquam. Beatae enim illum numquam dolorum esse."
Oe30-5330-13oo,1,Pariatur ad cumque ipsa nemo. Ipsam molestiae dolorum architecto soluta labore error.
ab14-7189-04Zg,2,Sapiente illo perspiciatis cum. Quia dolorem nihil sed cumque provident. Numquam mollitia fugiat nam voluptas provident.
Fq21-1749-44SK,2,Quam doloribus facilis voluptas. Est velit commodi numquam praesentium.
Lp55-9053-34bf,1,"Quae laborum nobis commodi nam. Accusamus magnam corrupti assumenda ipsam.
Tempore commodi soluta.
Eaque hic placeat provident in voluptas. Eveniet illo placeat similique ea quia voluptatibus iusto."
pa55-8036-27tX,1,Nostrum ex eius eos ut molestias corporis. Ut adipisci dolorem dolore totam culpa.
tj90-5636-69oW,1,Harum quia fugiat ut reprehenderit soluta repellendus. Inventore sit atque repellat accusamus assumenda harum explicabo. Minus doloremque facere vel.
EP34-7882-26ug,2,Beatae aperiam ea eveniet possimus alias ex perferendis. Minima odit mollitia quaerat. Odit assumenda nobis reprehenderit autem nisi.
ms57-4390-24vc,2,"Velit cumque debitis nam facilis. Ex assumenda porro sequi. Maxime culpa rem nemo fugiat.
Placeat praesentium sed quasi. Omnis tempore inventore. Veniam tempore quidem itaque."
Pn63-7804-09om,2,Ratione tenetur saepe repellendus error dolores. Odit beatae excepturi assumenda occaecati labore libero. Quisquam sed consectetur saepe consequatur deserunt pariatur.
cO92-6948-48Dw,1,"Voluptates vero assumenda amet. Ut sit repellat adipisci exercitationem omnis vel illo.
Dolorum quam tenetur minus. Est deserunt eligendi voluptatum iste est."
SH74-7000-49WE,1,Ad voluptatibus dolorem alias perspiciatis necessitatibus. Magnam ut perferendis sed quos maxime sint at. Dignissimos voluptate corrupti.
vO47-9600-12cD,0,"Natus veniam facilis quasi non ab. Blanditiis sequi laudantium architecto. Ducimus sed vero eum eum ducimus.
Doloremque enim culpa doloremque quas neque earum."
js79-8358-49Hy,1,Voluptatum sed perferendis at expedita. Quos reiciendis sapiente inventore odio doloribus accusamus. Suscipit assumenda ut eius hic est.
Gb27-1078-39AH,1,Reprehenderit tempore dignissimos est. Odit a nobis adipisci blanditiis voluptates. Ducimus labore excepturi numquam explicabo qui. Iure atque omnis velit.
OB91-8933-61EI,1,Maxime illum quam sequi consectetur atque. Tenetur ab aut beatae neque asperiores natus omnis. Nihil vel cumque incidunt nesciunt dolorum cumque.
Xe82-4460-09aZ,0,"Deserunt porro quaerat iste ab laudantium.
Molestiae quod eum modi. Molestiae illo ad dignissimos voluptatum nesciunt."
Pg66-8440-98iy,2,Aperiam vero iste quis modi. Quos sapiente eligendi minus. Atque omnis sit ratione nemo aperiam. Numquam aut alias.
QM84-0971-54xU,2,"Veritatis quibusdam sint. Quisquam a libero.
Quisquam dolorum soluta accusamus sapiente tenetur impedit. Iusto hic impedit adipisci fuga libero."
BG64-5182-61pI,2,"Repellat et similique quod. Soluta magni eaque ipsam quo. Dolorum eius alias nobis doloribus veritatis.
Placeat eligendi ullam. Sequi animi hic. Assumenda omnis sit itaque quibusdam blanditiis."
pr78-8164-33Px,1,Praesentium minima saepe. Ullam ea corporis dolore. Rerum sequi quos blanditiis cupiditate voluptatem.
gj60-6668-56eK,2,Aperiam inventore eos in. Blanditiis consequuntur beatae at deserunt voluptas tempora. Corrupti blanditiis officiis sequi autem veniam quae.
vq90-7168-84Kz,1,Amet sequi adipisci quis officiis. Doloribus error esse hic atque tenetur quasi.
fY70-4339-82Du,2,"Quia nesciunt corrupti ad tempora sed. Fugiat accusantium dicta cumque eum.
Aliquid distinctio ipsa. Ducimus expedita ipsum nemo.
Quia sequi ducimus."
ng00-7079-21nW,1,Numquam facere minus quaerat aspernatur. Qui voluptate perferendis voluptatum iusto error impedit.
aT31-4605-11di,1,"Maiores quam facilis molestiae reiciendis et aliquam.
Unde cupiditate id. Culpa dolores modi ea ducimus explicabo hic."
TK97-8049-46nu,0,Commodi sunt quos tenetur. Iste perspiciatis deleniti expedita cum asperiores aperiam. Possimus impedit quaerat quis hic.
Ro62-5172-58JE,0,Exercitationem a totam nostrum. Optio exercitationem nam pariatur rem. Soluta eos in pariatur minus ullam temporibus.
Fe94-2659-97Sb,1,Praesentium fuga reiciendis nam nihil. Ipsa itaque corrupti repudiandae beatae maxime cum.
kq92-4813-97tJ,0,Vero repellendus commodi est consequuntur soluta tempora. Error vitae incidunt nobis mollitia exercitationem. Voluptatibus sequi delectus quam occaecati.
Jr12-3822-68Sb,1,"Fugiat iste perferendis voluptatibus pariatur modi. Culpa perspiciatis repudiandae cum at.
Doloremque corporis perferendis. Doloribus numquam quibusdam doloribus magnam nulla temporibus."
mT34-0357-70pd,1,"Sed deleniti neque laudantium nihil consequuntur ipsa vel. Iusto porro rerum.
Incidunt distinctio deleniti natus atque eum non deleniti. Dolore facere hic voluptatem fugiat ab."
Lf10-0140-51Hj,1,"Accusamus consectetur expedita quas minima aliquam. Corporis eveniet voluptatibus dolor.
Perspiciatis repellat esse quas a rerum temporibus."
NO14-1165-94kB,1,Facilis at est hic architecto aliquid deleniti. Magni amet accusamus sint molestias. Labore recusandae saepe eligendi quod.
Ul39-3876-42Gq,0,"Vel veniam maiores magni nemo itaque veniam iure. Exercitationem dignissimos laboriosam dolor natus.
Nulla ipsam explicabo. Accusantium nesciunt laborum."
Yf79-5628-81Lf,0,Amet adipisci voluptate quibusdam placeat quod. Hic atque provident commodi voluptatum.
sE08-7594-90Fc,1,"Eos aut quia. Ipsam numquam doloremque. Expedita repudiandae perspiciatis cupiditate corporis.
Voluptas aspernatur sed debitis repellendus. Quos beatae nobis itaque."
DG46-6615-91Sl,2,"Fugit nisi exercitationem ex.
Enim mollitia eligendi incidunt. Nostrum deleniti atque.
Quis quisquam perspiciatis placeat ipsum. Fuga minima repellat veritatis illo. Quis quia aspernatur error."
qO27-7542-57VO,1,"Ipsam ipsa necessitatibus quod hic quasi. Impedit officiis et molestiae.
Quasi odit ex et. Ad magnam repellat natus doloribus molestias. Vero doloremque earum fuga tempora qui."
tX05-6841-18hO,2,Architecto deleniti nulla dolores iure est ut deleniti. Sapiente quia ipsum repellendus dolorem sapiente. Minus iusto eaque accusantium quidem eius error.
xn75-3648-91CQ,0,Itaque tenetur labore. Similique sapiente odit molestias natus rem neque ipsam. Accusantium repellat minus explicabo iure iure expedita quisquam. Eius voluptate ut eos.
qr92-9292-92OE,1,Provident rem nobis error. Dignissimos ipsum cumque enim maxime occaecati. Ut pariatur nulla neque pariatur. Tenetur eius reprehenderit temporibus.
Bx74-9524-38MC,0,"Enim veniam error quae nesciunt. Odio magni reiciendis modi recusandae repellat error.
Omnis praesentium voluptas officia accusamus. Ea quibusdam assumenda."
Yt57-1248-30WU,1,Ducimus facere quasi vitae eius. Deleniti officiis tempore nisi adipisci consectetur autem doloremque. Eveniet aut iste amet quo totam eius.
oD48-0150-53tt,0,Fugiat doloribus incidunt sint veritatis atque reiciendis dolorum. Maxime illum expedita ducimus occaecati.
dk09-3214-81Lj,1,Recusandae aspernatur inventore voluptatibus veniam eius. Inventore atque possimus quasi. Reprehenderit voluptates fuga aspernatur placeat dicta ex.
Sg58-2563-56Ol,2,Laborum eaque impedit est libero dignissimos. Explicabo similique veritatis. Quo asperiores vel dolor.
aH40-2071-90WM,0,"Illum corporis accusamus molestias eos. Itaque velit dignissimos doloribus vel distinctio iusto. Neque vero maiores et repellendus.
Ratione asperiores incidunt nam recusandae culpa fugit."
Rs14-3067-49EO,2,"Ducimus natus voluptatem quia pariatur provident iste. Autem mollitia qui rerum voluptate nihil. Quis exercitationem dolores.
Quas facere nobis nemo. Perspiciatis nihil occaecati ipsam."
Dj25-5566-54yZ,1,Repellat natus esse aliquid quasi. Fugiat eos illo quo ipsam vel. Esse nemo officia praesentium saepe dicta voluptatibus occaecati.
uk87-7019-45NI,2,"At atque aperiam animi aspernatur laboriosam. Numquam optio reprehenderit voluptatem quaerat alias minima. Non aliquid id asperiores maxime.
Delectus provident cum assumenda rem."
KJ20-1703-08iP,1,Reiciendis consequuntur in ipsam inventore minima. Mollitia veniam exercitationem esse dolorum officia.
pd82-3790-99EB,1,"Nostrum ipsa culpa quisquam placeat magni dignissimos.
Quisquam iusto magni perferendis perspiciatis. Totam ratione rerum quas laborum labore. Consectetur voluptate impedit aperiam quasi iusto."
ty22-3780-49zP,1,Aspernatur fugiat ratione corrupti sint est quisquam voluptatem. Illo quas quos nesciunt repellendus. Reiciendis accusantium deleniti ipsa perferendis.
OS02-6478-39oP,2,Alias ipsam deleniti suscipit voluptates fugit quae reiciendis. Molestiae sunt impedit distinctio incidunt.
TQ79-7405-90aD,1,"Animi ipsa aliquam adipisci odio. Repellat provident quia molestiae nulla.
Dolores voluptates animi magni dolorum. Consequatur hic inventore architecto ex quos. Dicta saepe eum facere natus fugit."
RJ39-9845-80bc,1,"Maxime vitae doloribus omnis aspernatur quae. Atque nesciunt illo placeat id delectus ipsam.
Velit vitae placeat. Pariatur est natus impedit nihil reiciendis qui.
Quod reiciendis quae."
jc38-4774-68Vd,0,Impedit tempora quia officia accusamus nesciunt. Accusantium quaerat quidem.
fN97-2826-13vF,2,"Corporis eum cumque quisquam. Suscipit cupiditate consectetur explicabo architecto.
Quis mollitia ut. Deserunt beatae occaecati optio quidem debitis corporis accusantium."
pd61-1096-79FZ,2,Est sunt necessitatibus quod. Amet sint placeat. Tenetur error laborum aliquid.
dp88-7285-73yA,0,"Ipsum eius fugiat rem. Laudantium rerum at atque. Dolore aut veritatis tenetur ex reprehenderit.
Nihil nulla optio ex consequatur doloribus facilis molestias. Labore velit quo qui."
ur23-8239-12sx,2,"Possimus voluptates dolorem eligendi at porro. Sequi delectus ea sed eum consequuntur.
Qui debitis soluta error. Cum delectus illo ex officia rem commodi. Animi veniam consequuntur voluptatem velit."
pa34-7011-93re,2,"Expedita explicabo atque porro. Vel maxime architecto earum aut esse.
Harum atque exercitationem animi. Iste ipsum facere nemo nesciunt harum aperiam."
Tz47-2827-67JN,2,Laborum eos ullam nihil nihil consequatur nesciunt. Eum illo provident nobis praesentium perferendis illo reiciendis. Occaecati odit quibusdam fugiat voluptas aperiam pariatur dolorum.
Rp88-5813-39QS,1,"Quis placeat laborum in. Debitis itaque vero atque eius labore sint. Illum odio nemo fugiat.
Voluptatum alias vitae ipsa. Error modi impedit amet nisi."
cC43-1473-55zT,0,Maiores magnam minus consequatur eligendi molestias. Dolorem soluta exercitationem hic.
rQ18-0470-85EI,0,"Corrupti earum debitis asperiores.
Eaque accusantium earum quidem. Nesciunt nihil debitis quidem. Magnam autem dolorum earum aspernatur cupiditate repudiandae. Minus mollitia accusantium laudantium."
Zm25-2353-98VU,2,Sit nobis suscipit quibusdam pariatur facere incidunt. Architecto adipisci modi saepe odit quo tempora. Cumque quasi expedita eius.
uq79-2343-87ll,0,"Repellendus nobis excepturi sint. Ab sint quam nihil aliquid aut.
Eos beatae sint numquam. Omnis non ratione beatae totam ut ab.
Laborum porro dolores accusamus veniam similique."
Op19-4109-67tk,2,"Corrupti harum accusamus sed. Maxime sit quia consequuntur sequi eius fuga. Et occaecati possimus vitae molestias delectus.
Maxime in similique quas quis."
fz60-1691-42ah,0,Repudiandae facere at tempore hic. Consequatur unde corrupti. Delectus fugiat sed in. Accusantium quibusdam earum ratione labore dolores.
gP88-6560-57cX,0,"Facilis soluta dolorum. Impedit quos minus incidunt aliquam.
Non eaque velit natus assumenda quam minima. Numquam odit aspernatur hic. Ex et repudiandae excepturi possimus cupiditate quasi."
Ap12-0814-43jc,0,"Tenetur quos occaecati aliquam quod quos hic.
Eligendi modi quasi officiis commodi debitis amet ducimus. Tenetur quaerat neque incidunt molestiae ipsa."
SU89-6809-40BZ,1,"Voluptatibus veniam quaerat dolorem blanditiis dignissimos amet debitis.
Mollitia porro ipsum tenetur fugiat. Aperiam vitae eligendi vel optio repudiandae inventore. Porro illum dolorum non aut odio."
RX44-1772-23ry,2,Neque dolor sed harum iste facere illum. Qui nihil incidunt et modi repellendus dicta.
pz12-6110-74MF,0,Velit natus tenetur in. Veritatis dignissimos repudiandae similique minima nam saepe.
nj55-3972-78yj,2,Cupiditate deleniti numquam exercitationem animi rerum. Expedita non voluptates ullam iste. Numquam mollitia alias maxime unde aliquid ipsum dolorem.
NW24-9579-09NR,2,"Possimus aliquid delectus tenetur nihil. Voluptates laborum nesciunt repellat.
Distinctio ullam aperiam tempore nobis cupiditate sequi. Laboriosam magnam sint. Quos provident dignissimos possimus."
Fd75-2796-98Im,2,Consequuntur quis molestias repellat aspernatur deleniti. Velit exercitationem sed doloribus cumque. Fuga reprehenderit quas ducimus molestias. Nam error voluptatibus magnam.
pT50-7545-75lM,1,"Amet similique modi blanditiis ab. Amet nihil ut magni ex id. Assumenda aliquam similique eveniet itaque corrupti sunt tempore.
Accusantium quas aliquam. Sequi quam qui."
Hv98-9228-05RT,2,Possimus officia accusamus nihil eveniet nam assumenda. Debitis laborum non cumque rem eveniet impedit. Unde nemo omnis quia.
VB10-9948-54Ah,2,"Voluptatem cumque libero.
Ipsam error esse tempora. Placeat occaecati voluptas dolorum consequatur ullam. Illum exercitationem nemo omnis cupiditate."
Wh39-4292-39Nh,0,Odio perferendis dolorem iste culpa cupiditate iusto. Sit laborum occaecati alias.
Vt76-9310-43RF,1,Dolorum inventore nulla. Voluptate expedita corrupti recusandae neque inventore. Maiores neque illum voluptatem cupiditate.
zz49-9775-32YP,2,Natus eum ex vero. Commodi veniam quibusdam cum dolorum distinctio. Sint dolore dolorum eum neque exercitationem laboriosam.
fl75-0758-44mJ,2,Repellendus vel ipsum cupiditate ipsum quaerat. Cupiditate ut rem veritatis officia molestias eaque. Eaque harum repellendus maiores.
Gx39-1034-04EV,1,Numquam repellat laboriosam nisi accusamus porro vitae. Molestias repellat maiores cumque sunt illo. Officiis quasi consectetur alias earum.
eY46-5652-43qt,2,Beatae nulla ut recusandae repellendus laboriosam. Maiores voluptatem itaque expedita aperiam. Sint possimus maiores impedit cum placeat enim a.
XV61-7695-71ux,2,Quo a reiciendis magnam dolores quasi. Voluptas eum totam distinctio distinctio saepe dolore. Iusto consequatur culpa rerum itaque labore. Minus esse ut eum odit.
HX10-1863-76hE,0,"Provident fugiat dolorem beatae.
Placeat quae tenetur mollitia dolore quasi molestiae. Doloribus voluptatum sint quia. Voluptatum eius cum qui. Eligendi eaque cum voluptate."
pX88-7829-08ER,2,"Aliquid officiis vel dolorum. Ratione sapiente hic minima.
Explicabo numquam eum nisi impedit aliquam. Quis repellendus expedita nihil cum maiores omnis.
In adipisci quo perspiciatis esse quisquam."
UG83-1361-93EO,2,Molestiae maxime repudiandae dolores animi blanditiis odio consequatur. Laudantium modi sequi repellendus.
Sk39-5394-40iH,1,"Ut esse qui assumenda illo laborum. Optio saepe animi culpa culpa.
Vitae architecto sunt eligendi. Laborum inventore architecto assumenda placeat dicta facilis."
jw33-8841-53Jo,0,Inventore sequi iusto optio reiciendis commodi. Possimus incidunt recusandae dicta eum alias consequuntur. Consectetur esse quod dicta velit consectetur eos sint.
FC12-7948-65lY,1,"Corporis adipisci a labore dolor porro asperiores. Eveniet tenetur in deleniti nihil ut minus.
Aspernatur aliquid rem nam eius nulla quas assumenda. Tempore nisi corrupti fugiat rerum."
GE18-0245-87Vm,0,Natus non non officia nisi totam architecto. Excepturi tempora odio ullam debitis iste commodi. Facere distinctio dolores magni quas veritatis reiciendis.
Ql60-6528-58Sj,0,"Natus ad maiores corporis ad saepe. Voluptas maiores numquam sit iste vero.
Beatae exercitationem doloremque non tempora quaerat voluptatem molestias."
kZ83-0917-75yI,0,"Enim nam recusandae atque ut nemo. Quibusdam neque necessitatibus amet.
Dolor fuga corporis veritatis. Illo unde porro nam impedit tempora omnis."
AM51-1735-33RX,2,Autem quod sunt occaecati saepe suscipit autem reprehenderit. Non illum tempore quia. Eveniet consectetur doloremque provident.
Jg26-9046-66kg,0,"Voluptates quasi saepe eos nemo ipsum. Culpa ab magnam consectetur magnam. Iste beatae laudantium eveniet nam porro totam inventore.
Velit at minus. Quaerat fugit alias."
PK73-1153-09ZB,1,Sapiente autem aut ducimus vitae voluptates quisquam. Illo quo possimus in. Doloremque harum aut id.
aD65-5971-33kv,1,Cum quaerat et quas earum amet. Adipisci voluptatibus modi illum sed perferendis. Aperiam qui veritatis numquam eligendi.
if80-3444-62Sv,0,"Ea dolorum sunt velit fugiat. Quod ab libero nobis architecto consequuntur similique.
Assumenda beatae voluptatibus assumenda similique facere."
sO20-4592-53qq,0,Laudantium unde cumque suscipit cumque. Rerum officia veniam veniam facere corporis. Odio alias in debitis dolorum reprehenderit facere.
oq50-6396-37Sx,1,Eos accusantium aspernatur nostrum. Commodi vitae enim tempore veritatis vero. Ex omnis distinctio. Ducimus consequuntur dolores magni qui ut suscipit.
nJ62-8841-16cy,0,"Maxime suscipit corrupti. Deserunt illo quia eveniet.
Libero fuga ut doloribus officiis dignissimos quos. Ipsum soluta quas aperiam.
Suscipit optio at illum debitis fuga."
ex79-3872-35hu,2,Veniam repellendus vero possimus iste. Quasi eum tempore itaque. Voluptatum quo consectetur iure nostrum libero.
LQ62-0136-05qz,2,Minus eos totam tempora ipsum deleniti. Illum impedit reprehenderit tenetur illum.
qu47-8197-07gl,1,Aperiam asperiores soluta odio perferendis autem deleniti. Molestias quam commodi reiciendis culpa molestiae cupiditate ad. Quidem inventore dolores corrupti.
QZ10-9945-66QV,1,Officia ipsa vitae cum animi tenetur reiciendis. Itaque rerum ducimus pariatur laudantium beatae.
dC40-2571-81La,1,Illum tempore qui praesentium. Est tenetur quis. Ea voluptates quis et.
ir69-5454-39uD,1,Alias suscipit tempore aspernatur. Laboriosam natus necessitatibus modi sit. At inventore temporibus fugiat expedita doloribus odit.
FL12-2718-98yL,0,"Unde eligendi labore vel alias suscipit. Architecto ex voluptas corrupti.
Voluptate quia aperiam impedit corporis. Voluptas rerum perspiciatis magni."
Qi55-9567-81yn,0,Molestiae nostrum illo cum sed cupiditate. Ipsam aspernatur quidem ipsum voluptates. Doloremque occaecati blanditiis voluptatum magni consequuntur.
DJ91-8493-73Xk,1,Quidem distinctio dolorem tempora qui incidunt velit. Dolores minima magnam tenetur.
an77-7033-78WD,2,"Sequi nobis vel hic impedit. Accusamus consequatur sint amet aliquid perferendis.
Soluta delectus modi itaque sint enim. Id nam repellat rem."
eP75-9584-15VR,1,"Architecto illo perspiciatis voluptas.
Pariatur facilis omnis tempore nemo magni consequuntur. Doloribus asperiores alias iure dolores sit."
vf10-2054-33ck,1,Similique harum sint laborum necessitatibus omnis nesciunt. Est quis voluptate culpa officiis non dolores.
Ma33-6538-06CD,0,Incidunt similique porro perspiciatis magnam. Debitis nulla facere quia sapiente totam. Suscipit deleniti ullam earum corporis animi. Nemo sit beatae exercitationem.
hk46-0243-63ko,1,Cupiditate rerum nam. Provident et asperiores ullam magnam laborum aliquid.
ca69-7016-96cs,2,Rem corporis omnis perspiciatis ipsam maxime. Necessitatibus culpa ratione corporis ut unde itaque.
Rg12-4645-66iR,0,"Ipsum occaecati quisquam totam dolores possimus optio iusto. Exercitationem totam ratione eum omnis.
Eligendi nam modi magni. Quis omnis magnam libero repellendus aliquid."
rb08-3908-64NL,0,"Beatae qui ipsa ut. Ratione reiciendis hic sit. Veritatis ad vero tenetur.
Porro recusandae non dolorem ullam possimus rem. Veritatis nisi a et ab. Illum amet dolorem sit adipisci."
ad92-1227-39st,0,Placeat sit alias harum deleniti repudiandae doloribus. Voluptatibus commodi architecto sit rem perferendis adipisci. Sint alias ad dolor vero iste nemo.
jx66-4737-14iP,2,"Aliquam consectetur cupiditate.
Consectetur expedita eum cum. Amet quas ullam molestiae aspernatur."
rD40-5935-56gx,0,"Ab beatae sequi sed nostrum ipsam consectetur. Laboriosam ducimus asperiores magni reprehenderit consectetur quisquam.
Ab dolorum mollitia voluptatem. Nobis assumenda dolor."
Rp14-4398-85Ys,1,Qui sunt possimus eaque aliquam. Repudiandae esse hic ex optio dignissimos. Officiis quaerat laboriosam.
Yx73-3280-40SH,0,Repudiandae excepturi soluta repellat voluptates quos architecto. Debitis laboriosam modi vel quam. Assumenda aspernatur et.
mO62-1549-43YX,0,Deleniti fuga eaque doloremque et libero. Numquam fugiat vitae incidunt minima doloribus. Sapiente quod ab nesciunt unde.
az62-4394-23AM,0,Reprehenderit sapiente minus voluptatibus. Repudiandae blanditiis veniam distinctio culpa autem enim. Tempora ipsum earum.
dO39-7048-07Zk,0,"Cum iste numquam. Molestias consectetur eveniet.
Eum temporibus consectetur ea quae corporis. Labore tenetur dolorem vitae voluptate maxime. Officiis officiis ipsa earum."
nY12-4220-65Ya,0,Dignissimos velit natus nobis. Autem animi dignissimos veniam excepturi dignissimos eveniet. Occaecati assumenda nobis perferendis.
fA28-2422-78Lg,0,Sint quo molestiae saepe magnam. Dignissimos aperiam sapiente hic.
py92-0603-47TH,1,Fugit et ratione possimus odio quia. Quae unde consequuntur nobis explicabo id. Exercitationem est reiciendis perferendis occaecati. Veniam tempore doloribus saepe dolores et tempore optio.
EW66-2750-12MC,1,"Ratione cupiditate incidunt odio molestias adipisci repellat excepturi. Suscipit vitae iusto aut doloremque.
Hic sapiente inventore facilis et dolores. Vel officiis ratione esse sint aliquam."
Pr00-0172-60bF,1,"Cum sed sint tempora. Ad dolorum tempora eaque sit. Beatae minima possimus iure quam explicabo.
Fuga voluptas error doloribus. Pariatur ipsam eveniet quos facere iste illum. Molestiae rerum iure."
sY68-6011-06vm,1,Ex sapiente maiores ullam veritatis. Debitis ut eius ipsam nostrum. Quasi vitae excepturi culpa adipisci.
RR22-5579-44tk,1,Molestiae labore corrupti doloribus exercitationem iure velit. Temporibus odio accusantium debitis molestias sint veritatis vitae. Tenetur modi soluta.
AU49-4421-07OD,0,"Et fugiat deleniti tempora veritatis. Optio earum laboriosam est optio ex recusandae.
Labore officiis aspernatur magni cumque. Sunt cum deleniti voluptatem."
dZ49-2198-76Ng,2,"Quasi blanditiis ullam cumque debitis.
Sapiente ab expedita. Saepe ullam nesciunt perferendis quisquam veniam dolorem.
Accusamus occaecati libero."
Ng12-5794-45iv,2,Reiciendis distinctio sint. Ratione nulla perferendis sequi et eius.
HQ51-7267-03iL,2,"Ab officiis ad unde.
Nam corporis rerum excepturi esse. Quaerat asperiores placeat ab."
eU52-1600-56YK,0,"Nisi deserunt eius hic voluptate dignissimos assumenda iusto. Minima occaecati vel fuga omnis asperiores.
Enim asperiores expedita odit. Enim voluptatem distinctio tenetur rerum ipsa blanditiis."
QF48-1134-73Dz,2,"Quo aperiam itaque soluta. Vitae rem delectus. Eveniet temporibus quia maxime.
Cum illo in ea. Minima ratione eum debitis accusantium aperiam iste. Culpa dolorem cumque cumque velit nobis."
uO62-9751-00sd,1,Sint impedit ipsum quam impedit labore magni. Provident itaque recusandae.
hw59-8312-71kJ,2,"Quia dicta dolores animi quisquam. Dolores sequi cumque. Accusamus iste minus nemo.
Eaque error non totam corrupti error commodi repellat. Adipisci doloribus reiciendis quae itaque numquam minus."
uj63-0355-17Xh,1,Corporis officiis ut nobis atque consequatur optio. Magnam ipsa sunt saepe officia rerum voluptates.
xO80-2201-29xc,0,"Ad asperiores pariatur dolor cumque natus. Doloremque occaecati saepe fuga.
Magni quaerat sit. Molestias earum totam rem amet."
gz97-6895-41su,0,Provident quidem hic fugit nam itaque. Exercitationem dolorum quibusdam omnis minima ullam. Tenetur iusto esse sit.
eV40-3024-25Ot,1,In aliquid aliquam magnam atque totam quam itaque. Quia error debitis. Qui maiores sunt accusamus commodi eaque ad.
kw06-2095-89ju,0,Commodi nam culpa. Placeat porro totam consequatur eaque nulla numquam. Explicabo dolore hic autem quis adipisci. Voluptatem quisquam ratione quo ipsum blanditiis soluta.
VU14-0307-99Su,0,Architecto dignissimos fugiat mollitia pariatur. Praesentium labore facilis voluptatibus ab. Consequuntur deleniti possimus pariatur beatae.
fa16-3567-79Aq,2,Et nesciunt id et facilis accusamus. Adipisci distinctio ut ducimus facere explicabo.
Ad76-1764-31Wq,2,Nulla repudiandae recusandae perspiciatis odio impedit. Repudiandae voluptatibus ipsam cupiditate beatae sint. Praesentium suscipit quae deleniti saepe tenetur.
kb72-7798-61tW,1,"Exercitationem odit facilis autem fugit. Perferendis occaecati iusto quas.
Natus unde rem doloribus voluptas nihil necessitatibus. Earum dicta soluta incidunt sequi iusto asperiores."
ps19-8043-40je,1,Cumque nulla consectetur aspernatur repellat. Ea dolores quod quae. Placeat quidem maiores nemo non.
CG76-2890-07YS,2,Unde perferendis nihil maxime. Nisi exercitationem possimus alias alias placeat quos. Iusto omnis cupiditate sint perferendis illum tempore.
Zm45-0624-96se,1,Placeat quae ducimus voluptatem asperiores tenetur consectetur. Voluptate eaque excepturi amet illo. Itaque officiis dolores.
rU20-4325-32yu,2,Quibusdam enim iste placeat magnam similique explicabo. Nam ad corrupti accusamus. Eaque distinctio eos dolore aut. Facilis suscipit ullam eius quae optio exercitationem.
Cz09-6061-76jo,0,Suscipit aut quos. Placeat dolorum eos nostrum ipsam possimus. Beatae blanditiis architecto.
dd26-5815-76vR,0,Ipsam temporibus voluptatem tempore dolorum reiciendis. Nemo incidunt numquam aperiam velit qui.
Ad39-7346-75mP,1,"Sed sed eligendi officiis tempore occaecati. Laudantium repellendus maxime eligendi magnam distinctio reprehenderit eaque.
Exercitationem labore perferendis nemo accusamus quos quas."
GE11-1923-02PQ,2,"Assumenda maxime tenetur magni quis porro. Numquam eaque placeat numquam. Voluptatum incidunt aperiam ea.
Doloribus distinctio facere molestiae eos. Neque enim corporis repudiandae."
VL67-9574-96dO,1,"Quae dolor dolor ut esse tempore. Rerum veniam amet facere sed.
Deleniti reprehenderit optio corporis deserunt architecto unde at. Natus rerum eligendi veniam. Sed sapiente omnis sunt impedit iusto."
ZA65-5454-99gi,0,Aperiam fuga iusto vel. Impedit consectetur harum perferendis excepturi reprehenderit natus. Assumenda veniam dolorem inventore corporis rerum expedita. Cumque accusamus quidem veniam fugiat fuga.
jB65-8160-49HJ,0,"Dicta quam harum sunt et impedit tenetur. Rerum dolores quod debitis ipsa sint.
Sed dolores ex accusamus atque quos possimus. Suscipit quia iusto et ipsum aliquam necessitatibus."
nx74-1725-21dr,1,Dignissimos praesentium laudantium aliquid officiis tempore magnam. Non amet dolores porro. Sit ea inventore occaecati sapiente ad corrupti. Perspiciatis dignissimos non reiciendis fugit libero.
xG31-2861-77Pw,1,"Voluptatum vel totam. Dolores consectetur voluptatibus tenetur reiciendis modi blanditiis voluptatum. Nam autem perferendis.
Tempora rem veniam. Molestiae officiis vitae adipisci velit nostrum."
RT82-7096-44WP,1,"Est numquam et nobis temporibus delectus. Numquam quos hic repudiandae voluptate eos.
Cumque aliquam ut numquam labore minus."
HD27-3061-67WS,2,"Eius quasi quia aliquam. Amet possimus quibusdam nisi ex.
Sapiente enim rerum delectus sint. Nihil praesentium reiciendis nemo quam. Labore hic quas sint doloribus."
As29-8325-35fD,1,Possimus ipsum neque blanditiis iusto. Pariatur facere commodi in. Maiores voluptatem exercitationem dignissimos quibusdam officia iusto quos.
Ae84-5576-91yl,2,Perspiciatis cupiditate neque. Dignissimos sequi quos mollitia nesciunt eaque corrupti ab. Ad autem similique.
Yx23-5393-66Vc,2,Veritatis aspernatur dolorum deleniti earum. Odio cumque aliquam maiores perspiciatis accusantium dolore. Ex sed fugit perspiciatis porro aliquam.
aL11-7531-11My,2,"Iusto iste officiis incidunt. Quod optio voluptates delectus consectetur fugiat aliquid.
Iure accusamus repellat asperiores ullam. Sequi itaque fugit aut dolorum."
Ju16-4820-66xF,2,"Ut soluta et eius possimus veritatis porro. Voluptas earum maiores nulla animi quasi.
Nemo sunt libero perferendis non eaque fuga. Sequi iste asperiores incidunt sequi sapiente."
Nk82-6897-59xO,2,"Reiciendis quae laboriosam consequuntur sint.
Quo cupiditate vitae aliquid optio eius velit. Repudiandae architecto quaerat rerum ducimus."
DQ95-0046-43ey,2,Asperiores dolorem quas mollitia possimus sit fuga. Ex qui iusto voluptates esse impedit.
RL83-3493-14zy,1,Excepturi delectus sunt rem laboriosam molestias expedita aliquid. Consequuntur praesentium placeat exercitationem iusto hic. Tempore ea excepturi quos voluptatum optio at atque.
YQ51-1456-27aa,2,Impedit sed quaerat facilis esse vitae. Ipsa repudiandae explicabo blanditiis totam neque. Natus reprehenderit asperiores unde autem. Incidunt officiis asperiores accusamus ducimus.
Hc84-6977-32Jf,2,Deserunt laboriosam beatae labore accusantium fugiat neque. Sed error ut cupiditate. Officiis eos magnam recusandae.
MA53-1199-65lt,1,"In incidunt eaque aliquam. Maiores ipsa aperiam adipisci nemo necessitatibus fugit. Rem a facere ut quisquam.
Ipsum facere illo minus. Iusto omnis mollitia laborum."
ZN13-7352-83IZ,1,Deleniti voluptatum aliquid.
lj51-8454-71kz,2,Excepturi inventore laboriosam debitis mollitia recusandae consequatur. Sint reprehenderit porro placeat. Vero repellendus ab aliquid animi quidem.
tg38-9396-95ux,0,Nostrum non doloremque necessitatibus corporis quibusdam. Omnis eveniet voluptatum praesentium. Velit culpa sint facere quam itaque animi.
cI46-6949-23VL,2,"Quo illo at distinctio fugiat eius dolorum. Debitis aperiam id ipsam.
Aspernatur cumque itaque occaecati maxime reprehenderit. Provident sint voluptatibus consequatur tenetur minus quidem."
Yt37-3799-42AW,2,Ipsum distinctio impedit.
fF96-0813-32Gk,2,"Nisi ad quos aliquid doloremque a minima.
Ab tempora veniam autem fuga quis.
Odio optio unde consectetur labore. Laborum beatae sapiente sapiente."
Tl26-7689-47ND,1,"Minus occaecati quod nostrum harum quia. Alias nam deleniti.
Quasi aliquam eos repellat quod reprehenderit. Doloremque dolores ut iure dicta."
eP52-5158-63OZ,1,"Quaerat sed quas earum deleniti cum expedita. Unde recusandae maxime facere neque recusandae autem.
Beatae asperiores quia corporis nesciunt laborum ipsam. Labore earum labore totam aut eligendi."
cA33-5687-22mW,2,"Eveniet est blanditiis harum. Ducimus commodi asperiores in consequuntur reiciendis.
Commodi voluptas ab voluptates. Alias nulla quibusdam harum cumque facere. Maxime adipisci aperiam ipsam."
Is78-0453-28MV,1,Odit laudantium temporibus magni fuga quo. Laborum architecto commodi a. Alias cumque vel magnam delectus.
Ke36-6067-46kY,2,Occaecati suscipit consequatur perferendis id. Dolorum iusto quisquam.
ln51-1541-04sK,0,"Explicabo blanditiis quo recusandae enim. Iusto reiciendis corrupti aperiam. Quis ipsa maxime suscipit fugit beatae.
Doloribus alias fugiat blanditiis dicta at. Doloremque reiciendis sequi."
ZO33-6237-37aV,1,Possimus quae doloremque nisi. Adipisci ipsum voluptates eaque itaque incidunt. Error eaque modi harum iste impedit. Magni laudantium dignissimos incidunt.
iu66-6797-41Gj,2,"Necessitatibus enim quae laborum. At dicta fuga occaecati molestiae maxime.
Enim id quibusdam suscipit. Deserunt earum quibusdam vel recusandae laborum magni. Aut odio quia cupiditate iusto."
uy79-2532-15al,2,Occaecati enim amet exercitationem laudantium. Modi laudantium voluptatibus eum ad ipsum.
vr68-9249-27Hz,0,Blanditiis reprehenderit sint placeat neque. Quam at ad sequi illum necessitatibus. Incidunt provident dolore deserunt necessitatibus quo consectetur.
YG32-9373-27bK,1,"Voluptatum cum qui rem nesciunt. Eum facilis sapiente atque ipsam nihil.
Ipsa fugit vitae eius incidunt repellat nostrum. A ut assumenda sequi. Exercitationem neque voluptas laudantium."
pr34-2426-58jT,0,Ab eius nobis nobis. Voluptate modi doloribus dolorum facere. Molestiae similique odit inventore animi.
Wj48-7017-37yI,0,Explicabo maiores voluptates. Nobis ratione eligendi iusto repellendus esse. Quibusdam neque rerum omnis inventore.
vp85-6009-28vP,2,Animi debitis illo facilis. Similique molestias ullam nam unde.
pW23-1645-90Aq,0,Ut neque corrupti cupiditate explicabo possimus. Nesciunt officia id quis voluptatum eligendi suscipit. Sunt mollitia est nulla. Hic cumque aliquam suscipit repudiandae assumenda magni assumenda.
RL23-1653-16Qb,2,Adipisci quia fugit beatae nesciunt voluptatum. In perspiciatis quaerat ipsum quas quod.
Ck84-8099-48df,0,"Voluptatem modi quo labore aliquid. Nam qui minus debitis iste officiis.
Officiis alias recusandae magni molestias.
Eaque error saepe ipsa fugiat. Dolorum reprehenderit iste quae magnam numquam ex."
ke89-2533-43Hl,1,Blanditiis cum ipsum nostrum deleniti id. Voluptatem voluptatibus itaque deserunt. Eos reprehenderit impedit officia nostrum.
HB31-8230-34dt,0,"Accusamus ex quaerat numquam. Voluptas non voluptatum earum.
Placeat esse odit eos velit odit delectus doloremque. Fuga error rem a voluptas doloremque dolorem. Exercitationem iure eligendi ab."
kH40-5980-72bX,0,"Deserunt nemo omnis. Laboriosam earum veniam mollitia quibusdam.
Quos quod maxime eaque. Quaerat odit aliquam numquam modi in. Ab tempore cumque eum unde."
OJ01-5783-34xF,2,Accusantium suscipit aut. Doloremque voluptatem ab odit architecto ullam aut. Veritatis atque velit officia expedita veritatis.
TB19-7749-71qf,2,Minus earum eveniet recusandae odit quas. Molestiae ducimus odit repellat minus iste minima ipsum. Beatae numquam repudiandae consequatur eum illo ab.
zQ59-1536-13Fy,1,Vitae ab fugit natus. Excepturi provident nemo eos explicabo odit. Tempora perferendis cupiditate delectus enim amet blanditiis.
vu65-4472-45Mo,2,Aliquid odio ipsa dolore. Aperiam animi ullam temporibus vitae.
nU37-3246-34Bs,2,Cupiditate excepturi maxime repellat quo temporibus. Ex atque adipisci natus officiis. Laborum ipsum cum deserunt laboriosam quisquam. At beatae omnis.
Kl42-0104-67uA,1,"Recusandae eveniet doloremque numquam. Ipsam optio temporibus nemo ea.
Quos sit ea dolorem sapiente quaerat facilis."
Ta07-6153-31dY,0,Neque consectetur officia modi quo totam voluptatem. Consequuntur nobis assumenda ipsa. Suscipit maiores maiores similique omnis perspiciatis quidem.
GS22-0487-16ll,0,"Eos totam magnam ex debitis inventore fuga recusandae.
Temporibus non nobis repellat commodi labore."
xV04-6535-82GQ,0,"Illum distinctio rem eos. Qui corrupti illum dolore consectetur earum facere. Vitae tempora facilis ratione.
Fugiat qui aliquam tempora. Aspernatur sunt minus doloribus repellendus repellat."
FM89-9376-26mr,2,Minus architecto placeat rem natus unde consectetur. Maiores incidunt nesciunt commodi. Quasi sunt delectus natus ex dolor deserunt.
Nj36-7527-65fl,2,Tempore qui hic natus nam aliquam necessitatibus. Consequatur doloribus quas officia rem a assumenda quod. Cumque doloribus non odit pariatur deleniti.
Kw27-3561-38Vr,0,Labore occaecati magni necessitatibus impedit. Deserunt unde sed esse consequuntur enim adipisci.
AC93-5830-73Mf,1,Ut veniam repellendus inventore saepe deleniti modi excepturi. Voluptate cum exercitationem consectetur fugiat blanditiis consequuntur.
aY83-5495-54GS,0,"Quam suscipit laudantium cupiditate ipsa voluptate ducimus itaque.
Aliquid omnis explicabo architecto. Sapiente dolorum accusantium aperiam."
Ld28-0720-26rI,0,Aut laudantium reprehenderit quo voluptatem officiis. Quae repudiandae vitae. Laborum quae debitis placeat praesentium.
sT62-5159-35tr,0,Ut et nam facilis. Ea laboriosam dignissimos dolor. Quas distinctio quas autem tempore quos. Impedit vitae reiciendis sequi blanditiis ex mollitia.
qA30-8872-30tz,2,Fugiat aspernatur nemo. Fugiat distinctio nisi consequuntur asperiores nihil assumenda aut. Quae nihil autem ab. Ullam iste possimus debitis molestiae quisquam fugit dolorum.
Xh82-2018-10JB,1,"Optio odio adipisci placeat quod harum hic. Laborum vitae atque ipsam eaque corrupti facere. Animi adipisci laudantium nesciunt aliquid.
Nemo corrupti similique nemo sequi ut. Sapiente sunt magnam."
nv47-9101-70OI,1,Ipsam deserunt aliquam blanditiis officiis laborum voluptatem adipisci. Quia sit officiis dolorum tenetur nemo. Consequatur minus mollitia sunt.
uE26-8351-65cc,1,"Autem voluptate adipisci veritatis. Doloribus non nihil error. Sint aperiam eum unde dolor.
Laudantium facere eligendi mollitia eveniet modi id cumque."
Gz56-4784-91ph,1,"Quis quidem numquam beatae maiores animi.
Quam repellat modi cumque accusantium aliquam. Sunt fugiat labore molestias quam excepturi ducimus beatae."
aH42-6982-06mU,0,"Rerum nisi corrupti velit quam.
At repellendus unde nostrum id suscipit. Voluptas expedita molestias reiciendis dolor dolores adipisci non."
sW64-4799-05LD,0,"Laboriosam voluptates architecto officia ipsam. Impedit perspiciatis tempore ipsa iste cupiditate.
Cumque ex ea nobis. Officiis deleniti repellat dignissimos."
Vj99-2705-35uD,2,Vero exercitationem quod ipsum. Animi dicta laboriosam et quidem.
dF48-2284-72tD,0,Occaecati architecto similique similique ex distinctio. Ipsa ut nostrum libero quia nihil tempora. Dicta libero impedit sed voluptas iste odit. Quod nesciunt voluptate quae sunt id.
Sp60-6429-28Ab,2,Quos neque libero quos pariatur saepe. Natus quia numquam temporibus labore provident.
MG71-2567-47mx,0,Reprehenderit cupiditate quaerat sint consequuntur. Molestiae numquam deleniti distinctio iste nostrum. Optio voluptates dolorem tempore qui.
cI11-7688-71kA,2,"Magnam minus illo qui nemo minima. Ducimus rerum in dolorem laborum amet quas.
Provident harum esse nulla. Est amet earum officiis debitis numquam."
oP67-8007-46qn,2,"Molestias eos ad deserunt omnis. Facilis esse mollitia consectetur. Fugiat commodi odio natus eos.
Doloremque distinctio porro. Assumenda dolore temporibus at deserunt atque totam."
zs64-7022-49Db,0,Molestiae facere deleniti amet id quod. Ratione architecto voluptatibus.
OK27-3182-01GX,1,Consequatur doloremque libero aliquid aut. Incidunt laudantium id porro reiciendis adipisci accusamus. Quas iusto dolores aperiam error unde.
Mc95-4932-08HM,0,"Sed eveniet corporis quam vitae.
Voluptatem dolores harum veniam officia blanditiis quos. Fugiat voluptatem dolores cum nihil. Accusantium iste eligendi nemo quaerat."
os12-0041-08bU,2,"Minima eum quasi delectus. Laudantium dolor placeat eaque maxime.
Quisquam quas expedita. Deserunt explicabo aspernatur error."
Tv53-6663-83gZ,0,"Debitis veniam excepturi optio. Suscipit blanditiis repudiandae ab.
Facere doloremque sint eveniet ipsam excepturi."
Uy11-6725-84cP,0,Eligendi consequatur cupiditate deleniti nesciunt sit cumque. Fuga non reiciendis repellendus iure quis dolore. Tempore aliquid ipsam quam eius excepturi.
sC10-2193-11AT,2,"Pariatur necessitatibus explicabo. Commodi dolore iste et totam quibusdam. Nostrum ullam animi sed autem debitis.
Neque voluptate ducimus. Mollitia voluptatem ratione est a odit cum."
Jg25-9970-53Ew,1,Asperiores unde blanditiis. Tempore rerum dolorem voluptatibus iste. Ullam itaque officiis similique vitae occaecati illo.
RH12-6944-01oj,1,"Sunt accusantium quod ipsa voluptas amet.
Officiis ad cupiditate sint harum quos eos. Esse est at iure. Cumque minus amet. Tempora in architecto vel quam odit."
BZ83-7710-20nb,1,Perferendis deserunt mollitia sed saepe officia. Nam error nihil distinctio expedita illo. Magni deserunt perspiciatis fuga aut optio.
oZ84-0242-95sF,0,Distinctio quas totam voluptatem dolorem. Doloribus exercitationem at quibusdam cumque dicta distinctio. Hic omnis ullam ab eveniet maxime sapiente.
VP68-1373-95OO,1,Aliquam vitae voluptatem dolore. Dolores ipsam quisquam magnam sapiente ad.
Az33-6323-03yz,1,Ipsam blanditiis excepturi expedita autem voluptatem laudantium reiciendis. Quisquam deleniti odio tempore nulla. Nisi delectus cumque omnis culpa nisi.
xV99-3481-73EY,0,Laborum maiores perspiciatis iusto ad. Quaerat necessitatibus ipsa iusto consequatur placeat. Libero nesciunt animi dolores.
Kt00-9708-16aJ,1,"Velit accusantium expedita dicta.
Eos culpa voluptate libero molestiae nulla. Labore provident saepe totam dicta sequi."
Nc19-7286-46XU,1,"Magnam magni magni sapiente molestias necessitatibus. Fugiat nam molestias suscipit consequuntur.
Ipsam excepturi rerum voluptate vero harum. Reprehenderit vitae cumque dicta architecto quam tempora."
kS45-9556-13pq,2,"Nihil mollitia sunt qui vel. Quos ea ipsum fugit nesciunt odit.
Distinctio mollitia rem enim doloribus. Amet quod esse corrupti accusantium totam ab."
sk89-2159-27FI,2,Nobis ab necessitatibus eligendi asperiores. Corrupti necessitatibus sapiente dolore. Eos numquam nesciunt officiis omnis.
pY81-4463-55HI,0,"Error veniam cupiditate odio facilis commodi nam. Ea eaque ea doloribus qui aperiam ab.
Magnam deserunt debitis optio. Architecto eveniet iure sapiente porro cum. Culpa quam nobis eaque hic quas."
pb72-7671-56oi,2,Facilis sunt molestiae quidem ut unde voluptates. Suscipit ratione laborum eligendi laboriosam eveniet. Aliquid ullam est.
BY26-3432-31gc,1,"Praesentium qui excepturi porro odio. Veniam neque id illo placeat nisi quibusdam.
Ea veritatis consectetur voluptate tenetur. Aut deserunt fugiat ullam fugiat."
Iz62-1616-22SB,2,"At officia nulla libero. Iste aperiam totam est omnis suscipit.
Ut et dignissimos nam tenetur quaerat. Earum enim est recusandae corporis."
PY62-5602-22Yh,1,Hic dignissimos maxime vero rem recusandae. Est unde earum nesciunt doloremque. Voluptas quia reiciendis beatae modi.
uz16-4874-27GP,1,Exercitationem eius sequi ipsa. Optio blanditiis distinctio odit dolor ducimus. Saepe exercitationem eos eius sit sequi.
Eb40-1450-67Ft,0,"Esse iure quod modi facere corrupti quam.
Deleniti atque amet earum asperiores ipsa.
Aut magni praesentium modi. Error possimus laudantium dolor."
Mn84-7508-78jw,2,"Eum quos architecto nisi. Qui unde maxime delectus.
Amet magni reiciendis cum amet. Quos neque asperiores eum. Quo placeat ad dolorem amet magnam."
Eq12-8943-62Ot,2,Doloremque cupiditate dolorum. Beatae sit repellat libero deleniti esse itaque. Praesentium at illo beatae earum explicabo.
Fa21-4036-62MN,0,"Repellendus quae molestias.
Ullam voluptates sit dolorum vitae temporibus veniam. Eveniet occaecati placeat harum ad labore aperiam pariatur."
HQ14-0127-51uH,0,Quo eligendi quaerat repellat occaecati repellendus maxime. Recusandae quam quo pariatur vel excepturi. Cumque voluptatem quod autem ut atque aut.
NY05-2752-83Vj,1,Quae laboriosam animi optio dolorum dolores nesciunt perferendis. Eaque aliquam error nesciunt sapiente.
rb56-7636-83au,1,"A quaerat libero tempore nam. Repellendus accusamus sed animi voluptatem tempora.
Quaerat alias dolorum tempore molestiae temporibus. Totam in magni officiis atque fugit."
kD87-8579-52IP,0,"Optio rem ut dolorem. Voluptate voluptatum accusantium assumenda.
Est in quaerat occaecati aliquid ex officiis. Rem minima quidem ut."
Mf65-0614-82CF,2,Consequatur ad autem magni provident sequi nemo atque. Maxime magnam nemo autem error totam. Harum dolore laboriosam expedita soluta.
mc52-3035-46QI,2,Labore perferendis illum illum dicta. Temporibus suscipit natus tempore in dolorem sed. Enim neque unde animi magni.
eS23-7781-28ag,0,"Explicabo sunt sit magnam est. Cumque quam inventore sapiente quas accusantium.
Perferendis ad incidunt reiciendis. Quos distinctio iusto molestiae omnis eveniet. Ut sint vel eveniet."
pE95-3769-65sO,0,Voluptate voluptas dolore tempora ipsa praesentium architecto. Illum cum velit magni.
TN18-5691-19tG,0,Tenetur quam dolorum ab nostrum unde a. Ex quas natus optio dolor soluta optio.
Yu97-7097-35WQ,1,"Architecto minima maxime inventore. Debitis adipisci harum rerum itaque.
In voluptates laudantium iure blanditiis ratione ratione. Nostrum ab fuga illo."
QC79-1879-06ho,2,Voluptatem vero aliquam dolore esse ut debitis laborum. In tempora tempore delectus tenetur eum sit. Nostrum facere nemo perspiciatis.
IC36-0760-29ng,1,Dolores excepturi sint eos deserunt. Distinctio distinctio omnis quia ad facilis veritatis.
Hm01-6667-83wV,2,Magni corporis odit consectetur vero. Amet praesentium molestiae ea dolores. Tempora magnam natus vitae officiis.
XK12-5504-67Di,0,Voluptatem numquam corporis excepturi est non illo. Est nam ipsa quia fugiat nobis saepe. Dolorem accusantium rem tempore assumenda.
GR12-4912-11rh,2,Quam ut illo aperiam.
tn58-1495-33GI,0,"Iure earum in est. Tenetur eveniet magnam. Quasi necessitatibus quod.
Distinctio ducimus consequatur sequi cum quia minima doloribus."
zt31-5267-67Nv,0,Facere quidem deleniti occaecati facilis rerum. Distinctio praesentium dicta expedita. Assumenda nam aut iure. Provident quam debitis.
YG67-4417-94zq,0,Ad consectetur libero blanditiis officia. Expedita voluptatibus fugit quaerat explicabo soluta officiis.
Zj18-3048-89tq,1,"Optio veritatis voluptates veniam perferendis illo ad. Eius perspiciatis omnis eos aliquam. Est incidunt quidem ullam voluptate esse voluptatum.
Repellat repudiandae hic."
vJ89-7669-70um,1,Alias ducimus numquam quod aspernatur aperiam molestiae. Quasi natus quia doloremque ab sapiente voluptates. Consequatur aspernatur alias ipsam dolore.
pT75-3599-24xM,2,Nesciunt consequatur delectus repellendus exercitationem.
pX62-4683-64tF,1,Reprehenderit optio vel iure commodi ullam. Ipsum doloremque cumque dicta autem quasi.
eX55-1377-38BH,2,At vitae repellat itaque vitae rem nulla. Dolorum reprehenderit exercitationem quos modi quas fugiat. Tempora reiciendis omnis libero fuga natus.
FI07-5282-70NR,2,"Eum illo vel. Inventore quaerat reiciendis cumque.
Minus occaecati maxime minus deserunt. Qui odit vel consectetur iure. Est tempore alias porro quam magni dolorem."
PG44-8882-90Of,0,Magnam facere dolore minus ex accusantium. Ipsam magnam sunt accusantium repellat. Praesentium sequi assumenda aut fuga dolores veritatis ea.
SL37-8652-67dg,1,Voluptas magni fugiat quod ipsum eum commodi. Ad labore tenetur odit ullam totam. Nobis perferendis praesentium quos maxime veniam.
SJ25-0280-04IR,0,"Molestias repudiandae enim aspernatur necessitatibus. Dignissimos molestiae ex eum.
Aperiam nam sed quia tempore non dolorem. Mollitia sit voluptatibus."
iR19-8344-79np,1,"Dolor nam deleniti officiis. Animi incidunt officiis itaque.
Magni aliquam saepe illo impedit ab delectus. Perspiciatis quidem asperiores perferendis mollitia. Dolorum vitae rem voluptatem ex."
aU04-1799-27gP,1,"Ipsa possimus vel impedit excepturi maiores quo. Tempore vel eos necessitatibus veniam quas.
Ut deleniti laudantium dignissimos rem voluptate."
lv69-7345-26mF,0,Reprehenderit voluptatem voluptas iusto. Assumenda voluptatem similique quisquam nisi consequatur.
iB88-0921-03pp,2,"Placeat natus distinctio ea. Praesentium dolorem unde quam.
Voluptate necessitatibus distinctio facere dolore autem nobis. Numquam natus eum aliquam quibusdam. Natus possimus modi nemo quia."
QH10-6699-46xi,0,Molestiae perspiciatis doloribus. Nobis illo harum odio excepturi. Consequuntur occaecati provident iste maiores asperiores.
CW84-2277-53Qp,1,Praesentium aut in placeat quam. Suscipit dignissimos sed assumenda hic perferendis atque. Autem explicabo fuga illo occaecati consequuntur repellendus ab.
tP13-3454-01Uu,0,Sapiente a iste officiis. Quas odit quisquam sunt perspiciatis cum magnam. Voluptatem sequi atque impedit fugit voluptatum illum exercitationem.
FF41-1505-19GT,1,Velit cumque repudiandae veniam. Suscipit cumque dolorem veniam. Magnam voluptatibus dolor.
Xk11-3992-01Rb,2,"Itaque sapiente fuga aliquid ullam incidunt tempora. Eaque architecto necessitatibus necessitatibus.
Eveniet aliquid ea optio. Nesciunt deserunt perferendis id molestias saepe."
zA85-9263-49Ei,0,Animi magnam aliquid itaque maiores voluptatum quas at. Eum assumenda quae debitis exercitationem ducimus quibusdam.
FT13-9889-06NM,1,"Aperiam culpa hic magni temporibus dolore. Ipsa aliquam quae numquam.
Culpa ad vitae enim rem facere dolores tempore.
Cumque quos voluptatibus beatae. Maxime perferendis voluptatum repudiandae fuga."
FG22-0034-96vf,1,Magni voluptate numquam deleniti ullam quas ex. Consequatur eius autem cum.
xh71-4674-85vh,0,Hic ipsa expedita pariatur explicabo. Aliquid consectetur atque. At veniam quos tenetur deserunt laudantium. Facilis accusantium placeat necessitatibus provident tempora debitis aliquid.
ap43-0226-36Un,2,Perspiciatis quos blanditiis fugiat molestiae minima id. Voluptatum consequuntur illo. Similique nostrum facere dolorum ratione.
Oa98-2809-26Vs,0,Voluptas dolorum in aperiam aut nemo. Voluptatibus velit eaque nobis ipsam. Suscipit omnis amet quia illo nemo cumque.
iV01-2691-15Mm,1,Aspernatur quo quidem dignissimos voluptate nam nulla. Quam beatae nobis velit nisi.
uP40-3897-40Gw,0,"Fugiat earum aliquam non. Ea ab aut adipisci. Possimus unde distinctio dolor maiores.
Corrupti dolorum ut sint delectus. Rem corporis esse cumque mollitia dolores."
pB70-3530-26HJ,2,Quos sunt pariatur provident quaerat iste. Praesentium quas sapiente labore maiores laborum deserunt. Nisi inventore error asperiores magni.
Ek77-1118-38Gr,1,Consequuntur cum optio veritatis nemo. Suscipit et nemo illum cum placeat incidunt. Animi esse distinctio minima.
GE25-7122-17ST,0,Odit dignissimos quisquam commodi esse perferendis. Praesentium tempore occaecati animi quo. Quos molestiae libero aut excepturi.
CU95-4122-28Wl,1,"Sunt magni cum aut ea quidem esse eos. Cupiditate tenetur sed odit fugit cum doloremque ad.
Blanditiis quisquam odit eum ab dolores officiis. Voluptatum nesciunt fugit consectetur earum."
nM13-3163-56yj,0,Tenetur tenetur incidunt consequatur tempore veritatis reiciendis debitis. Optio minima ratione sit error. Modi saepe aliquid ipsam fuga rem expedita maxime.
RK93-1891-36pI,2,"Fugiat molestiae illo enim. Sunt possimus ducimus numquam.
Quaerat modi sed a exercitationem. Fugit mollitia corrupti eos quod saepe. Deleniti numquam rerum aliquid vero nam iusto modi."
Gr42-2540-04pt,2,Odit dolores veniam quis quaerat. Cupiditate similique assumenda.
oV80-4658-56bO,2,"Pariatur necessitatibus explicabo sed at dolorum eaque ea. Error adipisci quis deserunt ad.
Quod doloribus inventore at repudiandae molestias aut. Pariatur magnam esse amet molestias nam numquam."
vv65-7008-75WA,2,"Incidunt quos maiores. Expedita fuga asperiores sint.
Quae excepturi explicabo est dignissimos. Labore officia aut repellendus molestiae. Natus exercitationem pariatur officia est vitae."
nl05-6416-07ZT,0,Sequi commodi eum praesentium dolorum doloribus aliquid. Sed omnis sunt aperiam maiores velit minima.
AR52-1338-12Qw,2,"Distinctio rerum sit cupiditate blanditiis quis. Maiores aut vitae.
Reiciendis corporis accusamus totam eaque blanditiis non magni. Maxime dolorem minima repellendus."
xo27-3612-81zP,0,Nemo quis voluptate illo culpa. Suscipit eligendi recusandae dicta. Ipsam beatae non eius delectus. Unde quae eum ipsa cupiditate.
hX50-9345-58vv,1,Expedita eos dolore ab amet deleniti doloremque. Possimus facere beatae voluptates incidunt consectetur. Illum laborum animi occaecati.
Ys68-2264-58FZ,2,Delectus amet vitae deserunt. Praesentium laudantium incidunt sed omnis provident. Voluptates sint quam ex corrupti.
NO64-7118-48lA,2,"Quae vero fugiat nulla beatae recusandae. Recusandae laborum voluptate earum asperiores.
Repellat corrupti modi mollitia natus iste. Pariatur fuga consequuntur maxime."
Nx25-9821-48yR,0,"Magnam natus distinctio harum quae itaque. Totam adipisci dolor quaerat facilis.
Similique hic fugit. Pariatur asperiores nihil labore doloribus non eligendi."
Cy02-9330-98VL,0,"Velit consectetur odio at quis facilis. Accusantium ea corrupti.
Porro vero ducimus tempora voluptas ipsum velit. Asperiores assumenda cum sit aliquid. Maiores iure magni quidem voluptatem."
lI00-4622-09mo,1,"Tenetur unde illum in placeat vel beatae. Rem modi maiores eum praesentium non qui.
Porro expedita accusantium soluta. Iste debitis libero fugit commodi."
xQ23-5678-42yh,1,Maiores reiciendis ullam aliquam quis. Perspiciatis veniam aliquid voluptates. Dignissimos et totam aliquid. Quo ipsum atque ullam.
eq34-3622-66KN,2,Optio cum eligendi. Animi dolor eos repellendus autem eveniet at. Repellendus quaerat autem amet incidunt nam. Rem adipisci illum veritatis debitis ipsam esse.
LW62-5036-46xf,2,Perspiciatis consequuntur fuga nesciunt corrupti suscipit. Dolorem officia nam iste qui accusamus aspernatur. Similique libero corporis nostrum nemo.
dB01-4811-53jC,2,Nobis reprehenderit voluptatem alias. Optio eos unde cum recusandae repudiandae quisquam. Commodi quam distinctio consequatur. Quisquam delectus totam.
fb70-5004-42UV,2,"Qui eveniet accusantium eligendi sed quisquam ex. Laborum est minus animi.
Eos officia praesentium. Voluptatibus illo asperiores praesentium error tenetur illum."
qn34-6348-59iQ,1,Voluptas libero explicabo nulla sequi porro. In quidem iure nihil accusamus accusantium. Eaque ab corporis optio magnam doloribus error.
eM68-4872-31aV,0,Magni quidem quas iusto illum ex. Quaerat eveniet laudantium odio enim. Itaque expedita magnam.
Al81-6740-52Gh,2,"Quas id exercitationem dignissimos officia fugit nesciunt. Magnam ullam voluptates voluptatem.
Qui quos harum quia minus consectetur. Expedita odit earum quaerat magni repellendus doloremque."
mF63-3962-04Lv,1,Non voluptatum voluptatibus earum libero eius sapiente. Atque nulla aut eum dolores expedita. Placeat fugiat aperiam ab ratione animi.
DK69-8732-41Jg,1,Iure maxime numquam magnam reiciendis quam aliquid cumque. Ut consequuntur blanditiis tempore sapiente quis. Laborum animi est.
ja92-4611-91ub,0,Architecto possimus amet rem vitae. Nihil deserunt autem. Voluptatum a optio ea aspernatur cupiditate maxime. Corrupti impedit dolorum perspiciatis ducimus.
jS65-0710-36Hd,0,"Deleniti eaque rerum cumque repudiandae natus iusto. Ducimus ut voluptatum dicta.
Esse quas eos voluptatibus. Voluptatibus architecto sit officia facere. Quo recusandae eius temporibus."
eR33-6321-63Yr,1,"Ducimus illum numquam.
Sequi labore consectetur ullam. Numquam aperiam iure illo voluptates odit minus.
Repudiandae atque praesentium quo quisquam autem. Nihil laboriosam mollitia facere eveniet."
dF69-6034-93Nd,2,Perspiciatis recusandae sunt laborum a exercitationem eveniet. Inventore quae itaque a.
Af96-6085-02cr,0,"Cumque vel iure nesciunt quisquam esse. Quos iusto nisi eaque.
Explicabo eligendi nesciunt occaecati. Sit quas repudiandae. Quo aliquam laboriosam veniam possimus."
VM80-3686-99qS,1,Nobis amet earum illum error. Quas repellat quibusdam aperiam alias consectetur. Sunt corrupti consequatur maiores quos exercitationem cupiditate perferendis.
eA77-0776-24Tl,2,"Explicabo hic et. Vero blanditiis voluptatum fuga eius. Velit quas debitis quo laborum.
Dolorem vel illo quo. Repellendus culpa voluptatem eaque."
jd93-7394-43rw,1,Recusandae magnam tenetur voluptate alias perspiciatis quas. Suscipit dolorem quia.
vJ35-6328-31PP,0,Voluptatem dolore cupiditate iste nemo quaerat quos. Omnis reprehenderit fuga optio explicabo id. Similique iste fugit perspiciatis.
WV13-6412-36Sw,1,Nulla facere repellat vero laboriosam distinctio. Aut eligendi tempora ab exercitationem cum sequi.
pq99-9427-43ku,1,Nostrum nihil quam facilis. Iste accusantium expedita dicta qui alias incidunt. Ducimus perferendis minima assumenda.
Jk75-1653-72xA,2,Est reprehenderit esse fugiat nisi quibusdam quia.
Wp42-4898-96UV,0,Laudantium facilis quibusdam corporis odit. Modi exercitationem dolore sit odio itaque saepe. Expedita recusandae asperiores optio.
BW99-5206-08jf,0,A voluptates corporis asperiores aliquam placeat reprehenderit. Ipsa architecto officiis fugit ratione modi. Laudantium rerum voluptatem ipsum corrupti.
Ue89-8253-23oH,2,Error velit occaecati hic nisi aperiam eveniet. Voluptatibus necessitatibus asperiores totam perspiciatis rerum temporibus. Repudiandae in veritatis animi adipisci inventore libero.
HB88-2036-33aU,1,Odio odit illo explicabo impedit assumenda. Nostrum expedita ratione quisquam numquam repudiandae natus. Amet voluptas adipisci aliquam sequi dignissimos quae.
Ep51-3100-66sp,2,"Quasi molestiae recusandae quia. Quis reiciendis recusandae officiis vel quisquam blanditiis. Illo ducimus porro atque.
Laboriosam adipisci porro. Explicabo minima maiores."
eK79-4128-71Bs,0,Ipsa sapiente commodi corporis repellat numquam. Modi ullam dignissimos consequatur. Neque fuga quisquam perferendis delectus possimus.
eY67-1719-19IT,0,"Quis error laudantium magni id quaerat. Odit mollitia eaque doloremque. Omnis possimus doloribus aperiam.
Cumque architecto pariatur animi corporis deserunt. Vitae sed ullam sapiente velit at id."
Jp47-6914-65ZT,0,In nesciunt perspiciatis numquam. Enim ratione voluptate quibusdam similique veniam. Eius iure dicta molestiae maiores consectetur.
Ys16-3601-84oh,2,"Repellat quaerat a ducimus porro beatae. Vel fuga voluptatem recusandae provident adipisci. Corrupti et asperiores consequatur sequi.
Delectus ullam architecto id placeat eos aliquam."
pS79-4818-14zR,0,Consequatur quasi laudantium repudiandae placeat temporibus optio. Suscipit suscipit corrupti maxime. Temporibus laborum aliquam temporibus dolorem illum ipsum.
Ob67-2113-94Mb,0,Amet animi expedita. Eligendi adipisci labore est saepe voluptates. Velit cupiditate eum neque autem optio nesciunt. Quae cum odio recusandae iste hic.
QE08-9297-24kX,1,Adipisci vel blanditiis doloribus. Temporibus suscipit sit necessitatibus perferendis quam perspiciatis. Enim consectetur sit repellendus voluptatibus.
mm87-5201-47Jm,0,"Quam tenetur harum optio quasi voluptatem.
Autem delectus beatae esse corporis voluptates ducimus laudantium. Ratione cumque tenetur exercitationem. Adipisci recusandae dolorem nihil."
SM10-7218-35HD,2,"Minima quae minima optio rem a quo. Harum culpa eius earum corporis aliquam.
Vero nostrum adipisci earum dignissimos. Ut maxime quisquam magni. Consectetur omnis voluptate non officiis unde."
kw53-3254-42wy,1,Quaerat libero quod eius mollitia. Praesentium ipsam mollitia aspernatur.
gH28-4619-09IW,0,"Architecto at itaque animi corrupti nostrum harum sunt.
Quidem dolores eius quos. Aspernatur quia autem.
Esse consequatur amet aut rerum quis. Aliquid magnam voluptatem debitis nobis suscipit cumque."
ti88-5292-41pd,1,"Suscipit aut debitis debitis. Eaque aliquid earum porro odio totam quod.
Itaque molestiae dolores sit aliquid. Fuga natus corrupti veritatis ex vero labore."
zU63-3122-77sL,1,"Eligendi cupiditate corporis maxime dolor delectus tempore. Quis corporis cum.
Tenetur eum rem distinctio voluptatum nemo deleniti. Qui iusto ex eos nihil sequi animi."
bq65-6697-32XN,1,Perferendis voluptate possimus ad aliquam ratione nesciunt. Iste fugiat officia aspernatur recusandae ipsam.
vr94-7755-50ch,1,Placeat cupiditate magni sunt voluptatibus quasi provident totam. Eligendi qui laudantium aperiam voluptatem vitae.
EK42-2583-30go,2,Earum reprehenderit incidunt harum laudantium voluptas minus occaecati. Nemo repellendus illum. Voluptate dolorum rem velit vitae.
Ek58-1564-87hq,0,Asperiores id incidunt consequatur qui porro. Occaecati ex vero quis quaerat sed. Error expedita quos corrupti deserunt. Fugiat explicabo quis vero dolores incidunt.
VI09-3679-86kM,0,Optio voluptatibus corrupti illum placeat ipsam. Molestiae facilis dignissimos excepturi dolore reprehenderit qui omnis. Aliquam hic officiis qui debitis quis.
ba96-5334-36LD,0,Optio assumenda consequatur neque sit nostrum. Dicta esse illum reprehenderit.
Ve44-0467-65Ok,0,Animi consectetur dicta inventore. Voluptates ducimus quis dolorum tenetur. Tempora commodi consectetur soluta illo.
oT40-1329-72LS,1,"Magnam eos sed. Quisquam doloribus explicabo accusantium.
Eum repudiandae repudiandae dolorum quibusdam. Ipsam sunt repellendus recusandae enim."
OA31-7540-34pY,1,Quos expedita accusantium voluptas sint praesentium molestias. Dicta ducimus perferendis odio. Quam consequuntur maiores recusandae quod.
Ub44-9655-63kE,0,Repellendus labore perferendis tenetur. Dolor beatae optio ratione possimus ea quae.
wa79-7464-22zD,2,Tenetur exercitationem dolores nobis. Tenetur omnis eligendi omnis. Inventore id fuga iure eum eos provident blanditiis.
fX36-5250-72fB,2,Corrupti possimus temporibus placeat eveniet ipsam error non. Est soluta animi recusandae. Corporis molestiae dolore dicta. Rerum fugit modi minus suscipit.
PO24-0156-35UG,2,"Saepe quam esse aliquid et.
Deserunt mollitia dolores autem ipsum neque voluptatem. Eos voluptatem vel sequi ab laudantium corrupti quas."
Ki39-7903-32DR,2,"Pariatur sequi repellat necessitatibus cumque. Maxime ratione officia.
Ipsa ipsum laudantium illum aspernatur ut accusantium vitae. Reprehenderit officiis ab totam id. Fugit dolorum sunt cum quo."
ai67-5018-70sq,2,Cupiditate molestiae occaecati. Voluptatum cumque voluptas voluptate quod fuga aspernatur. Voluptatibus ducimus voluptatibus quisquam vitae illo alias.
in43-5665-53YL,2,"Molestias vel aliquid amet repudiandae vitae.
Asperiores tempora reiciendis rem modi aspernatur eos. Incidunt sed minus impedit fugit."
Co36-7221-36IV,1,Nisi cum adipisci. Eligendi impedit sapiente deserunt placeat molestiae sunt. Deleniti hic quas laudantium cumque sapiente.
bL34-8575-93EF,1,Nulla perferendis reprehenderit consequatur minus delectus. Eligendi suscipit esse similique recusandae corporis delectus. Sit occaecati reprehenderit totam nam aliquam.
FV88-2541-16CH,2,Maiores ad culpa quisquam laudantium harum illo cum. A exercitationem iure. Repudiandae non cum.
UW86-7010-15Ct,1,Explicabo deserunt sit nesciunt officiis consequuntur. A corporis tempore qui praesentium iure modi. Voluptatibus aspernatur cum quasi natus deleniti.
hA61-1866-02Zg,2,"Nulla corrupti aut. Nam eius voluptatum ex. Veritatis consequuntur soluta voluptatibus.
Minima iure ipsa corrupti numquam necessitatibus. Magni harum omnis saepe quaerat."
Kn44-2829-31CM,1,Iure nesciunt velit velit magnam quasi earum. Unde assumenda repudiandae eligendi vel. Saepe aperiam amet incidunt eaque minima rem. Voluptate quasi id nihil.
ml77-0722-52lD,2,"Dicta quod laborum dignissimos. Consequuntur debitis perspiciatis. Officia accusantium dolorum aspernatur alias.
Sed illo explicabo error iure nam. Nobis earum esse hic. Mollitia doloremque officia."
Kk41-7731-30bH,1,Nihil dolore consectetur similique aliquam. Facere voluptatem accusamus voluptatibus neque maxime culpa optio.
ZY81-1501-34UH,0,Asperiores ex iste tempore. Eos soluta accusamus dolorum explicabo facere aperiam. Necessitatibus facilis minus enim maxime. Optio laborum quo suscipit omnis labore non.
oT85-5451-37Ga,0,Eaque consequuntur quis ab iusto accusantium neque. Porro quidem consequuntur rerum error excepturi.
